,jubilados_2.5,jubilados_97.5,total_2.5,total_97.5
01,0.255055,0.272769,0.223097,0.230201
02,0.017210,0.021332,0.018563,0.020714
03,0.048942,0.055743,0.066113,0.070141
04,0.138750,0.151030,0.141713,0.147849
05,0.062356,0.070664,0.053224,0.057158
06,0.106572,0.121687,0.061869,0.067559
07,0.106125,0.119928,0.139408,0.146746
08,0.050432,0.054374,0.050484,0.052271
09,0.073713,0.087672,0.083720,0.088770
10,0.005744,0.009464,0.028815,0.032993
11,0.041450,0.048826,0.063805,0.067439
12,0.037585,0.044782,0.042754,0.045747
