codigo,division,var_division_pct,pond_ef_iijp,pond_ef_ipc_oficial,pond_ef_ipc_1718,aporte_vs_ipc_oficial,aporte_efecto_edad,aporte_efecto_canasta_nueva
01,Alimentos,307.698729,0.317630,0.307311,0.276734,-0.067343,-0.391735,0.199533
02,Beb. alc. y tabaco,284.773813,0.016331,0.027452,0.017144,0.131033,0.011927,0.121450
03,Prendas y calzado,160.790771,0.067812,0.110749,0.089546,1.726402,0.916349,0.852499
04,Vivienda y servicios,637.876474,0.080617,0.062791,0.081844,1.233158,-0.078085,1.318021
05,Equipamiento hogar,235.907271,0.074798,0.066236,0.062870,-0.196802,-0.304177,0.077370
06,Salud,355.443706,0.125531,0.086438,0.071916,0.172827,0.054168,-0.064198
07,Transporte,399.970893,0.104455,0.101254,0.134163,0.046829,-0.323393,0.481450
08,Comunicación,451.852162,0.035642,0.020621,0.035431,0.398420,0.004726,0.392822
09,Recreación y cultura,301.590194,0.082743,0.071520,0.090075,-0.088950,0.080170,-0.147069
10,Educación,467.151726,0.005308,0.016583,0.022007,-0.338613,-0.430588,0.162896
11,Restaurantes y hoteles,382.169866,0.053519,0.100685,0.079424,-0.497535,-0.179724,-0.224275
12,Bs. y serv. varios,421.839878,0.035615,0.028360,0.038845,0.142514,-0.050833,0.205971
