,gasto_previsional,factor,costo_extra,costo_pct_gasto
2024-04,2292171.800000,1.000000,0.000000,0.000000
2024-05,2555298.300000,0.999189,-2071.676849,-0.081074
2024-06,4202722.900000,1.003688,15499.839267,0.368805
2024-07,3010772.000000,1.001569,4722.483399,0.156853
2024-08,3118531.900000,1.002909,9072.797638,0.290932
2024-09,3256710.200000,1.003584,11672.561887,0.358416
2024-10,3334485.500000,1.004162,13878.806731,0.416220
2024-11,3505778.000000,1.003871,13571.068064,0.387106
2024-12,5335814.700000,1.003382,18047.167592,0.338227
2025-01,3762351.200000,1.002990,11251.081369,0.299044
2025-02,3863750.900000,1.003088,11931.653256,0.308810
2025-03,3945383.300000,1.003284,12958.141543,0.328438
2025-04,4047468.900000,1.004460,18052.135393,0.446010
2025-05,4224941.800000,1.001168,4933.656474,0.116775
2025-06,6196115.000000,0.999901,-610.745457,-0.009857
2025-07,4707376.600000,1.000394,1854.674299,0.039399
2025-08,4468820.600000,1.000689,3080.478588,0.068933
2025-09,4595791.500000,1.001279,5875.928179,0.127855
2025-10,4684325.700000,1.001082,5068.370363,0.108199
2025-11,4789901.500000,1.001965,9410.242564,0.196460
2025-12,7386910.400000,1.001965,14512.327374,0.196460
2026-01,5077070.100000,1.002747,13945.952727,0.274685
2026-02,5220469.100000,1.003137,16375.748765,0.313683
2026-03,5335179.900000,1.003624,19336.625155,0.362436
2026-04,5540072.900000,1.005380,29805.445271,0.537997
2026-05,5677550.100000,1.004018,22815.011661,0.401846
2026-06,8664734.600000,1.003921,33970.820012,0.392058
2026-07,6014065.100000,1.005198,31262.384064,0.519821
2026-08,5846619.200000,1.006481,37890.359665,0.648073
