periodo,haber_minimo,bono,haber_con_bono,haber_cf_ipc,haber_cf_iijp,factor_iijp,haber_cf_ipc_dic23,haber_cf_iijp_dic23,bono_indexado_ipc,real_haber_ipc,real_con_bono_ipc,real_haber_iijp,real_con_bono_iijp,real_haber_iijp_bajos,real_con_bono_iijp_bajos
2016-12,5661.080000,,,,,,,,,159419.567958,,157264.650916,,157915.971421,
2017-01,5661.080000,,,,,,,,,156930.802364,,154629.969207,,155387.205268,
2017-02,5661.080000,,,,,,,,,153752.407953,,151289.820564,,151942.404749,
2017-03,6394.850000,,,,,,,,,169653.380732,,166980.777639,,167491.059004,
2017-04,6394.850000,,,,,,,,,165264.243081,,162524.409409,,162849.706545,
2017-05,6394.850000,,,,,,,,,162926.652528,,160286.912711,,160645.442421,
2017-06,6394.850000,,,,,,,,,161007.326897,,158321.289090,,158728.892396,
2017-07,6394.850000,,,,,,,,,158265.742791,,155428.188569,,156039.134764,
2017-08,6394.850000,,,,,,,,,156075.599349,,153046.867172,,153572.952158,
2017-09,7246.640000,,,,,,,,,173570.328701,,170276.881862,,170847.474574,
2017-10,7246.640000,,,,,,,,,170980.432206,,167730.639147,,168220.376353,
2017-11,7246.640000,,,,,,,,,168661.200795,,165498.517932,,166012.525245,
2017-12,7246.640000,,,,,,,,,163523.339997,,159682.391005,,160109.169322,
2018-01,7246.640000,,,,,,,,,160699.285283,,156823.118904,,157274.155914,
2018-02,7246.640000,,,,,,,,,156903.730484,,152664.634707,,153055.831619,
2018-03,7660.420000,,,,,,,,,162068.734960,,158097.685078,,158510.896866,
2018-04,7660.420000,,,,,,,,,157747.967070,,153757.437032,,154140.901854,
2018-05,7660.420000,,,,,,,,,154540.668908,,150626.339955,,150944.460708,
2018-06,8096.300000,,,,,,,,,157450.654414,,153341.386343,,153595.060921,
2018-07,8096.300000,,,,,,,,,152714.055428,,148645.460735,,148946.491871,
2018-08,8096.300000,,,,,,,,,146996.708310,,142441.622651,,142619.447240,
2018-09,8637.130000,,,,,,,,,147197.716823,,142882.632538,,143158.087558,
2018-10,8637.130000,,,,,,,,,139667.399332,,135340.452251,,135466.601211,
2018-11,8637.130000,,,,,,,,,135397.812119,,131037.032561,,131229.237560,
2018-12,9309.100000,,,,,,,,,142275.551580,,137345.429769,,137682.049619,
2019-01,9309.100000,,,,,,,,,138257.456810,,133142.046883,,133432.997473,
2019-02,9309.100000,,,,,,,,,133240.136658,,128189.542581,,128199.198039,
2019-03,10410.370000,,,,,,,,,142341.563807,,137411.951667,,137199.114979,
2019-04,10410.370000,,,,,,,,,137601.604170,,132919.268067,,132839.673015,
2019-05,10410.370000,,,,,,,,,133517.219368,,128848.161960,,128866.429726,
2019-06,11528.440000,,,,,,,,,143944.501461,,138656.362129,,138711.864523,
2019-07,11528.036556,,,,,,,,,140843.904406,,135544.776548,,135709.117397,
2019-08,11528.036556,,,,,,,,,135486.776519,,130384.937079,,130627.494471,
2019-09,12937.220000,,,,,,,,,143597.001529,,138133.754401,,138584.082833,
2019-10,12937.220000,,,,,,,,,139018.453655,,133786.991439,,134478.623195,
2019-11,12937.220000,,,,,,,,,133345.231050,,128255.839133,,128803.256456,
2019-12,14067.930000,,,,,,,,,139767.101765,,134165.466195,,134894.635459,
2020-01,14067.930000,,,,,,,,,136687.672135,,131572.257545,,131912.784002,
2020-02,14067.930000,,,,,,,,,133989.617832,,129149.908511,,129405.149022,
2020-03,15892.000000,,,,,,,,,146465.882241,,141418.999454,,141538.426953,
2020-04,15892.000000,,,,,,,,,144306.234686,,139515.141911,,139494.186003,
2020-05,15892.000000,,,,,,,,,142113.793673,,137629.722447,,137724.902630,
2020-06,16864.050000,,,,,,,,,147497.168597,,143137.550242,,143426.642924,
2020-07,16864.050000,,,,,,,,,144698.419514,,140455.787843,,140902.765520,
2020-08,16864.050000,,,,,,,,,140894.122712,,136691.256997,,137082.079165,
2020-09,18128.850000,,,,,,,,,147284.856593,,143041.949671,,143439.186147,
2020-10,18128.850000,,,,,,,,,141946.299090,,138068.460287,,138344.052927,
2020-11,18128.850000,,,,,,,,,137598.589654,,133917.795215,,134317.208989,
2020-12,19035.292500,,,,,,,,,138914.216646,,135330.549576,,135751.262354,
2021-01,19035.292500,,,,,,,,,133508.421386,,129860.376264,,130168.643175,
2021-02,19035.292500,,,,,,,,,128900.696260,,125478.583352,,125826.401254,
2021-03,20571.440000,,,,,,,,,132908.983034,,130137.422404,,130438.301071,
2021-04,20571.440000,,,,,,,,,127698.509020,,125217.236870,,125469.283983,
2021-05,20571.440000,,,,,,,,,123591.587661,,121199.350867,,121544.070140,
2021-06,23064.700000,,,,,,,,,134307.248878,,131635.886794,,131975.778417,
2021-07,23064.700000,,,,,,,,,130399.143108,,127845.606669,,128198.673761,
2021-08,23064.700000,,,,,,,,,127257.801251,,124856.602685,,125420.941319,
2021-09,25922.000000,,,,,,,,,138123.787886,,135735.884245,,136438.919151,
2021-10,25922.000000,,,,,,,,,133431.953673,,131201.806689,,131937.720832,
2021-11,25922.000000,,,,,,,,,130140.105765,,128211.576833,,128993.907813,
2021-12,29062.000000,,,,,,,,,140508.821834,,138867.741100,,139602.586622,
2022-01,29062.000000,,,,,,,,,135266.329175,,133587.895628,,134227.208923,
2022-02,29062.000000,,,,,,,,,129201.154617,,127584.416302,,127892.887825,
2022-03,32630.000000,,,,,,,,,135917.805054,,134819.809176,,134864.746867,
2022-04,32630.000000,,,,,,,,,128167.129719,,127390.053986,,127451.230823,
2022-05,32630.000000,,,,,,,,,122005.570180,,121320.045638,,121517.108219,
2022-06,37524.000000,,,,,,,,,133248.721555,,132510.297953,,132877.016050,
2022-07,37524.000000,,,,,,,,,124060.552793,,123621.615740,,124254.542861,
2022-08,37524.000000,,,,,,,,,115976.594937,,115775.662936,,116338.924554,
2022-09,43352.586288,,,,,,,,,126209.703645,,126328.162150,,126802.148963,
2022-10,43352.586288,,,,,,,,,118676.867375,,118760.942728,,119173.430432,
2022-11,43352.586288,,,,,,,,,113115.922263,,113164.228058,,113649.179564,
2022-12,50124.260266,,,,,,,,,124409.148447,,124516.975792,,125190.569906,
2023-01,50124.260266,,,,,,,,,117336.266646,,117153.496213,,117709.540214,
2023-02,50124.260266,,,,,,,,,110042.927670,,109790.620262,,110004.509788,
2023-03,58665.430000,,,,,,,,,119613.602412,,119920.965571,,119855.519301,
2023-04,58665.430000,,,,,,,,,110341.913601,,110838.912392,,110595.033976,
2023-05,58665.430000,,,,,,,,,102383.868431,,102788.513985,,102769.699243,
2023-06,70938.000000,,,,,,,,,116848.689253,,117022.353235,,117286.141325,
2023-07,70938.000000,,,,,,,,,109877.148076,,109781.890164,,110223.412046,
2023-08,70938.000000,,,,,,,,,97719.270455,,97551.046534,,97840.706345,
2023-09,87459.760000,37000.000000,124459.760000,,,,,,,106854.783612,152059.881289,106959.036522,152208.238569,107101.559325,152411.055887
2023-10,87459.760000,37000.000000,124459.760000,,,,,,,98663.958883,140403.914249,98904.776705,140746.610459,99035.013506,140931.944160
2023-11,87459.760000,37000.000000,124459.760000,,,,,,,87459.760000,124459.760000,87459.760000,124459.760000,87459.760000,124459.760000
2023-12,105713.000000,55000.000000,160713.000000,,,,105713.000000,105713.000000,,84256.510805,128093.201603,83690.525495,127232.747381,83731.352646,127294.815944
2024-01,105713.000000,55000.000000,160713.000000,,,,119244.264000,119561.403000,,69856.196981,106200.741493,68934.028248,104798.789949,69137.241802,105107.730758
2024-02,105713.000000,55000.000000,160713.000000,,,,149651.551320,151006.051989,,61688.254977,93783.210410,60570.088690,92083.288372,60764.009214,92378.101207
2024-03,134445.793400,70000.000000,204445.793400,,,,180479.770892,183321.347115,70000.000000,70674.114576,107471.011640,69447.506679,105605.763063,69584.525600,105814.121699
2024-04,171283.310000,70000.000000,241283.310000,171283.310000,171283.310000,1.000000,204303.100650,208619.693016,79240.000000,82731.694247,116542.452558,80934.707975,114011.074600,81046.696131,114168.830034
2024-05,190141.600000,70000.000000,260141.600000,190124.474100,189953.190790,0.999099,226776.441721,231359.239555,87956.400000,88158.649225,120613.963820,86419.239627,118234.196344,86414.523734,118227.744310
2024-06,206931.100000,70000.000000,276931.100000,206855.427821,207618.837533,1.003691,246732.768593,252875.648834,95696.563200,91743.879074,122778.709195,89809.139365,120189.491838,89837.927202,120228.017933
2024-07,215580.820000,70000.000000,285580.820000,215543.355789,215923.591035,1.001764,257095.544873,262990.674787,99715.818854,91875.345064,121707.656466,89879.677241,119063.986898,90022.347039,119252.982180
2024-08,225454.420000,70000.000000,295454.420000,225458.350156,226071.999813,1.002722,268921.939938,275351.236502,104302.746522,92234.945467,120872.424309,90178.832482,118177.921051,90348.257882,118399.950334
2024-09,234540.230000,70000.000000,304540.230000,234476.684162,235340.951806,1.003686,279678.817535,286640.637199,108474.856383,92734.846247,120412.141683,90696.653196,117765.637155,90887.708066,118013.713547
2024-10,244320.560000,70000.000000,314320.560000,244324.704897,245225.271782,1.003686,291425.327872,298679.543961,113030.800351,94069.779533,121021.602855,92048.739861,118421.517453,92353.803996,118813.985160
2024-11,252798.480000,70000.000000,322798.480000,252876.069568,253562.931022,1.002716,301625.214347,308834.648456,116986.878363,95028.092153,121341.408794,93015.202559,118771.149269,93443.677414,119318.268982
2024-12,259598.760000,70000.000000,329598.760000,259703.723446,260155.567229,1.001740,309769.095135,316864.349316,120145.524079,95015.037477,120635.547465,92996.975381,118073.321187,93409.727900,118597.371142
2025-01,265907.010000,70000.000000,335907.010000,265936.612809,266399.300842,1.001740,317203.553418,324469.093699,123029.016657,95218.574535,120284.856983,93181.378856,117711.369697,93646.253821,118298.622962
2025-02,273086.500000,70000.000000,343086.500000,273116.901355,273592.081965,1.001740,325768.049360,333229.759229,126350.800106,95496.017752,119974.420172,93348.346591,117276.238528,93716.866998,117739.221416
2025-03,279121.710000,70000.000000,349121.710000,279125.473185,279611.107768,1.001740,332934.946446,340560.813932,129130.517709,94097.276222,117695.617374,92283.401179,115426.846676,92377.330723,115544.332497
2025-04,285820.630000,70000.000000,355820.630000,285824.484541,286601.385462,1.002718,340925.385161,349074.834281,132229.650134,93748.615400,116708.480396,92057.250697,114602.885520,92126.098148,114688.594321
2025-05,296481.740000,70000.000000,366481.740000,296399.990469,296345.832568,0.999817,353539.624412,360943.378646,137122.147189,95807.267750,118427.577326,94030.388214,116231.172569,94210.156192,116453.384168
2025-06,304723.930000,70000.000000,374723.930000,304699.190202,304347.170048,0.998845,363438.733895,370688.849870,140961.567310,96901.939419,119161.877321,95071.435361,116910.876967,95346.432129,117249.044927
2025-07,309294.790000,70000.000000,379294.790000,309269.678055,309216.724768,0.999829,368890.314904,376619.871467,143075.990820,96519.964361,118364.488497,94645.441698,116065.721422,94953.826311,116443.900042
2025-08,314305.370000,70000.000000,384305.370000,314217.992904,314473.409089,1.000813,374792.559942,383022.409282,145365.206673,96277.619812,117719.930476,94420.222773,115448.866331,94769.957785,115876.491997
2025-09,320277.170000,70000.000000,390277.170000,320188.134769,320762.877271,1.001795,381913.618581,390682.857468,148127.145599,96111.654159,117117.883830,94174.088543,114756.842531,94521.446939,115180.119818
2025-10,326298.380000,70000.000000,396298.380000,326271.709330,326857.371939,1.001795,389169.977334,398105.831760,150941.561366,95677.832617,116203.365975,93754.258421,113867.132072,94076.756159,114258.814467
2025-11,333085.390000,70000.000000,403085.390000,333123.415226,334048.234122,1.002776,397342.546858,406864.160059,154111.334155,95310.968920,115341.171459,93322.276017,112934.542173,93597.211114,113267.256618
2025-12,340879.590000,70000.000000,410879.590000,340785.253776,341731.343507,1.002776,406481.425436,416222.035740,157655.894840,94842.713033,114318.768823,92819.506997,111880.095194,93050.770642,112158.849084
2026-01,349299.320000,70000.000000,419299.320000,349304.885121,350616.358438,1.003755,416643.461072,427043.808669,161597.292211,94463.257678,113393.807092,92401.267146,110918.591200,92478.156938,111010.889798
2026-02,359254.350000,70000.000000,429254.350000,359085.421904,360784.232833,1.004731,428309.477982,439428.079121,166122.016393,94420.734609,112818.428117,92197.133160,110161.562320,92195.998528,110160.206608
2026-03,369600.880000,70000.000000,439600.880000,369498.899139,371246.975585,1.004731,440730.452843,452171.493415,170939.554868,93961.684224,111757.415380,91879.508862,109280.889563,91831.999563,109224.382312
2026-04,380319.310000,70000.000000,450319.310000,380214.367214,382755.631828,1.006684,453511.635975,466188.809711,175896.801960,94252.797726,111600.578045,92171.402396,109136.089695,92189.790362,109157.862073
2026-05,393174.100000,70000.000000,463174.100000,393141.655699,395003.812046,1.004737,468931.031599,481106.851622,181877.293226,95387.731781,112370.389654,93164.934692,109751.849824,93158.577770,109744.361126
2026-06,403317.990000,70000.000000,473317.990000,403363.338748,405273.911160,1.004737,481123.238420,493615.629764,186606.102850,96036.646742,112704.798024,93680.651670,109939.895690,93740.716454,110010.385337
2026-07,411989.330000,70000.000000,481989.330000,411833.968861,414595.211116,1.006705,491226.826427,504968.789248,190524.831010,96070.719043,112393.836764,93611.401944,109516.663704,93732.905774,109658.811924
2026-08,419775.930000,70000.000000,489775.930000,419658.814270,422887.115339,1.007693,500560.136129,515068.165033,194144.802799,96288.825641,112345.529499,93747.752088,109380.717623,93867.656383,109520.616635
2026-09,428633.202123,70000.000000,498633.202123,428471.649369,432190.631876,1.008680,511071.898988,526399.664664,198221.843658,,,,,,
