periodo,IPC oficial,IPC ENGHo 17/18,IIJP,IIJP canasta TP,IIJP solo 65+,IIJP jub. bajos,IIJP jub. altos,IIJP regional,IIJP método TP
2016-12,100.000000,100.000000,100.000000,100.000000,100.000000,100.000000,100.000000,100.000000,100.000000
2017-01,101.585900,101.677771,101.703862,101.718462,101.739122,101.627397,101.744639,101.738705,101.754410
2017-02,103.685900,103.882483,103.949261,103.947259,104.008607,103.931468,103.958750,103.957815,104.090840
2017-03,106.147600,106.488043,106.388750,106.392749,106.370660,106.503897,106.327345,106.371237,106.591032
2017-04,108.966700,109.444157,109.305896,109.275233,109.244872,109.539347,109.181403,109.289514,109.544438
2017-05,110.530100,110.949218,110.831732,110.796383,110.813635,111.042369,110.719406,110.835847,111.061691
2017-06,111.847700,112.304670,112.207754,112.161248,112.219294,112.383134,112.114228,112.196747,112.451938
2017-07,113.785200,114.285421,114.296360,114.246097,114.420515,114.320362,114.283560,114.300886,114.555235
2017-08,115.381900,115.920138,116.074746,115.993369,116.234938,116.156199,116.031309,116.070178,116.346364
2017-09,117.571900,118.097524,118.225952,118.130743,118.383524,118.319108,118.176275,118.196771,118.475802
2017-10,119.352800,119.902848,120.020687,119.929323,120.125746,120.166898,119.942717,120.029099,120.282654
2017-11,120.994000,121.570293,121.639437,121.570996,121.729643,121.765034,121.572459,121.671565,121.934838
2017-12,124.795600,125.965978,126.069922,125.889026,126.336688,126.254611,125.971432,126.085081,126.583471
2018-01,126.988700,128.233077,128.368487,128.193297,128.633572,128.530468,128.282107,128.433400,128.917254
2018-02,130.060600,131.717716,131.865160,131.705945,132.104451,132.072856,131.754402,131.902962,132.494348
2018-03,133.105400,134.828441,134.604288,134.530057,134.778039,134.809414,134.494899,134.635524,135.351178
2018-04,136.751200,138.790485,138.403883,138.304559,138.586975,138.631349,138.282581,138.462134,139.161159
2018-05,139.589300,141.562667,141.280909,141.183599,141.410689,141.567045,141.128321,141.342111,142.111527
2018-06,144.805300,146.774802,146.675991,146.545728,146.788818,147.040207,146.481764,146.698467,147.570795
2018-07,149.296600,151.350965,151.309698,151.187353,151.397906,151.629282,151.139272,151.396883,152.273537
2018-08,155.103400,157.725567,157.899772,157.721781,157.985956,158.356031,157.656462,157.991495,158.864659
2018-09,165.238300,167.882804,167.927505,167.800437,167.888939,168.298534,167.729646,167.966125,169.030639
2018-10,174.147300,177.112921,177.285679,177.076154,177.235138,177.854143,176.982534,177.377899,178.374949
2018-11,179.638800,182.547713,183.107962,182.843218,183.216227,183.597014,182.847164,183.199291,184.201147
2018-12,184.255200,187.434374,188.289155,188.002874,188.578665,188.606709,188.119812,188.398469,189.418374
2019-01,189.610100,193.146559,194.233569,193.917659,194.544970,194.612718,194.031379,194.326349,195.386826
2019-02,196.750100,200.269039,201.737633,201.274887,202.039505,202.557884,201.300216,201.837662,202.807801
2019-03,205.957100,209.484234,210.461897,210.094717,210.488183,211.661378,209.822247,210.536978,211.770590
2019-04,213.051700,216.674253,217.575529,217.246584,217.649334,218.607537,217.025187,217.673688,218.990332
2019-05,219.569100,223.355638,224.450078,224.084897,224.703666,225.347702,223.971400,224.589418,225.881627
2019-06,225.537000,229.583921,230.973718,230.554813,231.328042,231.837507,230.513083,231.103878,232.445160
2019-07,230.494000,234.526684,236.267716,235.789011,236.862966,236.958932,235.899109,236.424983,237.748417
2019-08,239.607700,243.443120,245.617749,245.084790,246.404421,246.177021,245.319504,245.804172,247.106245
2019-09,253.710200,257.320958,260.179438,259.558388,261.235191,260.408032,260.057535,260.313668,261.645314
2019-10,262.066100,265.359831,268.632714,267.992671,270.115386,268.357955,268.779235,268.757800,270.105484
2019-11,273.215800,276.494578,280.217749,279.537005,281.607467,280.182421,280.236588,280.388512,281.650006
2019-12,283.444200,287.030495,291.287117,290.630191,292.946308,290.912434,291.486926,291.525115,292.624896
2020-01,289.829900,293.181791,297.028208,296.355792,297.990729,297.488428,296.782786,297.384588,298.619115
2020-02,295.666000,298.864240,302.599300,301.956269,303.379147,303.253209,302.250588,303.025683,304.225393
2020-03,305.551500,308.960198,312.178234,311.647390,312.657673,313.206637,311.629815,312.571895,313.940776
2020-04,310.124300,312.831151,316.438294,315.783627,316.804987,317.796576,315.713960,316.804375,318.059604
2020-05,314.908700,317.374566,320.773251,320.138458,321.142523,321.879150,320.183505,321.037363,322.496278
2020-06,321.973800,323.985809,327.295568,326.662966,327.777489,327.988647,326.925968,327.563073,328.982355
2020-07,328.201400,330.108605,333.544715,332.899337,334.213434,333.863643,333.374640,333.926750,335.169227
2020-08,337.063200,338.949694,342.730668,341.981076,343.398893,343.168931,342.496954,343.065081,344.223639
2020-09,346.620700,348.047619,352.077813,351.269099,352.723223,352.556891,351.822334,352.316223,353.413395
2020-10,359.657000,360.416858,364.760327,363.861083,365.272561,365.541361,364.343824,365.024905,365.829744
2020-11,371.021100,371.464424,376.065755,375.108543,376.756762,376.500330,375.834009,376.399534,376.927727
2020-12,385.882600,385.597212,390.746892,389.694044,391.493334,391.149196,390.532354,391.362414,391.370059
2021-01,401.507100,401.621013,407.206518,406.194935,407.611164,407.924642,406.823562,408.213653,407.901586
2021-02,415.859500,415.551644,421.426432,420.483544,421.925351,422.002033,421.119479,422.442956,421.914531
2021-03,435.865700,435.130377,439.131222,438.486010,438.975446,439.932781,438.703772,439.909502,439.733070
2021-04,453.650300,452.398167,456.386091,455.777124,456.098725,457.355639,455.869058,457.158544,456.793882
2021-05,468.725000,467.356160,471.515770,471.011930,471.316940,472.125744,471.190488,472.420725,471.721805
2021-06,483.604900,482.223236,486.749293,486.227254,486.471010,487.506423,486.345537,487.623483,486.900671
2021-07,498.098700,496.113504,501.180107,500.618597,501.165810,501.869776,500.812326,502.046937,501.250593
2021-08,510.394200,508.024120,513.178106,512.692290,513.645251,512.984825,513.281177,514.085631,512.902264
2021-09,528.496800,525.252256,530.524754,530.071371,531.127664,529.976973,530.816871,531.324719,529.775492
2021-10,547.080200,543.057809,548.858651,548.337153,549.677387,548.057711,549.285770,549.525049,547.479508
2021-11,560.918400,555.983062,561.659473,561.268314,562.653450,560.565119,562.243061,562.577314,560.132586
2021-12,582.457500,576.733081,581.374462,581.216673,581.583562,580.709321,581.729163,582.175649,579.681488
2022-01,605.031700,598.751814,604.352347,604.143423,604.548853,603.964904,604.558959,605.178249,602.211684
2022-02,633.434100,626.154882,632.790121,632.387335,632.406950,633.878277,632.209838,633.629298,629.315853
2022-03,676.056600,667.726175,672.349659,672.185254,670.908692,674.909275,670.984686,673.553725,669.136927
2022-04,716.939900,706.809093,711.563029,711.439318,710.044668,714.167042,710.174381,712.607207,707.218232
2022-05,753.147000,742.083762,747.164677,747.169634,745.929573,749.042417,746.163330,748.396241,742.001396
2022-06,793.027800,780.193801,786.667702,786.520152,786.456715,787.745670,786.092852,787.912480,780.888747
2022-07,851.761000,836.892290,843.230943,843.254305,843.658669,842.410198,843.668624,844.911300,836.241312
2022-08,911.131600,894.040831,900.375510,900.448424,900.588249,899.727193,900.721240,902.033069,891.592944
2022-09,967.307600,947.403124,953.337456,953.335055,952.472739,953.707420,953.140164,954.843930,941.184850
2022-10,1028.706000,1007.425032,1014.082289,1014.036942,1013.361194,1014.757651,1013.722138,1015.831255,1002.748598
2022-11,1079.278700,1058.425411,1064.235322,1064.452049,1063.793993,1064.082916,1064.316596,1065.883028,1055.426161
2022-12,1134.587500,1112.183409,1118.281744,1118.871025,1118.556488,1116.871281,1119.033905,1119.697932,1108.817490
2023-01,1202.979000,1180.854285,1188.569402,1188.752467,1188.573459,1187.854034,1188.950887,1190.196389,1180.409921
2023-02,1282.709100,1257.722534,1268.278297,1267.902188,1266.993817,1271.054728,1266.797703,1269.954491,1257.947625
2023-03,1381.160100,1352.170448,1358.998460,1359.226727,1355.533275,1365.371975,1355.599641,1360.076625,1346.658318
2023-04,1497.214700,1462.502882,1470.353724,1470.367730,1465.336301,1479.699053,1465.370118,1470.474586,1452.362162
2023-05,1613.589500,1577.081450,1585.511856,1585.710357,1582.275416,1592.369816,1581.854695,1585.227615,1570.007012
2023-06,1709.611500,1673.691462,1683.999413,1684.447868,1683.522709,1687.170626,1682.308293,1684.434970,1671.965450
2023-07,1818.083800,1781.212537,1795.064504,1795.477014,1796.493612,1795.278596,1794.950334,1796.068918,1783.280194
2023-08,2044.283200,1995.301836,2020.127730,2018.970477,2023.684772,2022.488797,2018.868638,2022.234027,1998.008797
2023-09,2304.924200,2244.721098,2271.551681,2269.792796,2272.138325,2277.924110,2268.153441,2274.909162,2238.274409
2023-10,2496.273000,2431.472455,2456.534329,2455.062049,2455.565337,2463.464341,2452.838745,2458.716147,2421.817567
2023-11,2816.062800,2737.151438,2777.997324,2774.197595,2777.878007,2789.502558,2771.861901,2780.098459,2726.937349
2023-12,3533.192200,3428.252116,3509.004507,3501.163307,3516.260460,3521.819183,3502.170794,3511.532864,3414.293894
2024-01,4261.532400,4155.012888,4260.166402,4251.423787,4272.232350,4265.236452,4257.462685,4268.560600,4138.266576
2024-02,4825.788100,4734.477044,4848.439840,4841.372100,4859.820734,4852.982674,4846.017272,4848.362127,4748.370017
2024-03,5357.092900,5274.241506,5378.019632,5374.472701,5382.459509,5389.659287,5371.812525,5375.446977,5297.640520
2024-04,5830.227000,5766.334502,5879.116497,5869.795018,5891.273736,5895.307943,5870.482047,5873.286054,5894.613513
2024-05,6073.717000,6009.335058,6112.213649,6105.208253,6114.538773,6137.862673,6098.535734,6106.630847,6131.536893
2024-06,6351.715000,6298.729630,6400.841230,6392.891167,6407.473766,6425.291086,6387.802797,6399.095336,6456.701001
2024-07,6607.748000,6552.061588,6663.163014,6654.835257,6678.425182,6680.155191,6654.101555,6663.627190,6728.063424
2024-08,6883.441000,6833.698071,6945.219385,6937.741957,6962.724222,6960.905457,6936.854436,6947.401852,7023.359070
2024-09,7122.242000,7076.398188,7183.860797,7176.577780,7203.387571,7198.449444,7176.081075,7184.172227,7277.483726
2024-10,7313.954000,7266.501641,7373.505199,7366.582792,7400.833437,7379.585871,7370.262544,7373.643232,7479.967266
2024-11,7491.431000,7451.110578,7550.093766,7545.867211,7581.579453,7546.599472,7551.957176,7549.173393,7669.059791
2024-12,7694.007500,7658.724368,7754.710921,7751.396083,7786.520835,7752.419597,7755.932821,7754.167066,7886.048706
2025-01,7864.125700,7828.266400,7927.431117,7925.215040,7965.547130,7920.747007,7930.995568,7930.868833,8063.555145
2025-02,8052.992700,8021.343280,8126.909516,8122.373379,8163.566480,8128.477986,8126.073095,8132.364493,8264.378712
2025-03,8353.315800,8314.918160,8402.370888,8400.842264,8426.203995,8428.590846,8388.388508,8405.250330,8546.718731
2025-04,8585.607800,8539.035058,8625.164659,8624.236863,8646.635147,8654.413837,8609.566880,8628.924453,8769.723221
2025-05,8714.487100,8669.868540,8759.141550,8759.436590,8789.316641,8778.634975,8748.746245,8763.276797,8910.287502
2025-06,8855.568100,8817.648642,8904.065232,8905.451268,8940.162795,8915.154592,8898.151582,8904.717597,9066.592121
2025-07,9023.973000,8996.327437,9078.304074,9081.430217,9112.470038,9086.296376,9074.042000,9080.701256,9245.684878
2025-08,9193.244100,9173.494995,9247.377852,9254.808372,9282.665928,9251.408929,9245.228189,9249.642522,9422.890078
2025-09,9384.092200,9373.328753,9447.706211,9454.969653,9483.895915,9451.971103,9445.431862,9449.160999,9631.807990
2025-10,9603.862300,9597.394145,9668.425112,9676.795852,9702.087008,9675.186549,9664.819425,9668.791337,9858.630807
2025-11,9841.358100,9841.172584,9915.213833,9923.180845,9947.618219,9927.032402,9908.911317,9916.938735,10107.798335
2025-12,10121.371500,10126.709407,10202.193693,10210.709617,10231.580384,10218.985633,10193.239015,10204.977416,10398.403703
2026-01,10413.030900,10410.163597,10501.507244,10508.034065,10528.551945,10536.232327,10482.989316,10508.039499,10690.500894
2026-02,10714.625500,10721.271057,10824.714270,10826.826127,10855.638204,10869.679209,10800.735710,10835.496487,11017.971355
2026-03,11077.060800,11094.181447,11174.964563,11181.863411,11197.477733,11227.051629,11147.187970,11187.905415,11380.048888
2026-04,11363.090400,11394.641608,11462.622875,11474.300956,11486.477448,11507.800202,11438.531054,11475.146894,11683.269608
2026-05,11607.393700,11648.403705,11723.687687,11734.008829,11748.165917,11773.045317,11697.366626,11736.433819,11949.167505
2026-06,11826.410300,11877.278378,11959.954132,11967.957478,11991.890270,12001.791830,11937.643243,11973.331668,12189.622156
2026-07,12076.393700,12136.825970,12226.130926,12233.797284,12263.260138,12260.852051,12207.615109,12239.315275,12457.615510
2026-08,12276.766000,12341.493950,12439.086637,12446.562400,12482.675831,12474.648625,12420.122412,12454.534690,12671.378475
