codigo,division,ipc_oficial,tp_original,total,tp,con_65,solo_65,jubilados,jub_bajos,jub_altos
01,Alimentos y bebidas no alcohólicas,0.269000,0.251450,0.226814,0.251332,0.251128,0.236879,0.264166,0.332089,0.227829
02,Bebidas alcohólicas y tabaco,0.035000,0.018620,0.019625,0.018875,0.018907,0.018217,0.018969,0.019560,0.018653
03,Prendas de vestir y calzado,0.099000,0.052520,0.068186,0.052953,0.052638,0.044792,0.052396,0.055111,0.050944
04,"Vivienda, agua, electricidad, gas y otros combustibles",0.094000,0.137350,0.144631,0.137071,0.136472,0.149689,0.144561,0.155683,0.138610
05,Equipamiento y mantenimiento del hogar,0.064000,0.066000,0.055087,0.066298,0.066284,0.082828,0.066503,0.046837,0.077024
06,Salud,0.080000,0.108950,0.064457,0.108956,0.110888,0.145030,0.114167,0.088877,0.127696
07,Transporte,0.110000,0.123310,0.142990,0.123063,0.123093,0.099915,0.112967,0.102850,0.118379
08,Comunicación,0.028000,0.053450,0.051376,0.053584,0.053330,0.048111,0.052443,0.055775,0.050660
09,Recreación y cultura,0.073000,0.077140,0.086152,0.077548,0.077274,0.076422,0.080304,0.069310,0.086186
10,Educación,0.023000,0.012450,0.030891,0.012521,0.012269,0.004130,0.007560,0.007308,0.007696
11,Restaurantes y hoteles,0.090000,0.056070,0.065612,0.055711,0.055626,0.050073,0.044863,0.030961,0.052300
12,Bienes y servicios varios,0.035000,0.042690,0.044178,0.042086,0.042091,0.043913,0.041101,0.035638,0.044023
