# Bono / refuerzo previsional para quienes cobran el haber minimo (pesos por mes; los haberes
# superiores cobran la diferencia hasta minimo + bono). No hay serie oficial por API: se carga a mano.
# Fuentes: decretos mensuales publicados en el Boletin Oficial (p. ej. 116/2023 dic-2023,
# 268/2024 mar-2024, 444/2025 jul-2025, 824/2026 sep-2026) y comunicados de ANSES.
# sep-nov 2023: refuerzo de $37.000 dispuesto tras la devaluacion de agosto 2023.
# Al agregar un mes: sumar la fila (si el bono sigue en $70.000, igual hay que agregarla).
periodo,bono
2023-09,37000
2023-10,37000
2023-11,37000
2023-12,55000
2024-01,55000
2024-02,55000
2024-03,70000
2024-04,70000
2024-05,70000
2024-06,70000
2024-07,70000
2024-08,70000
2024-09,70000
2024-10,70000
2024-11,70000
2024-12,70000
2025-01,70000
2025-02,70000
2025-03,70000
2025-04,70000
2025-05,70000
2025-06,70000
2025-07,70000
2025-08,70000
2025-09,70000
2025-10,70000
2025-11,70000
2025-12,70000
2026-01,70000
2026-02,70000
2026-03,70000
2026-04,70000
2026-05,70000
2026-06,70000
2026-07,70000
2026-08,70000
2026-09,70000
