# Series mensuales (fraccion) cargadas/calculadas en la planilla del TP original, hoja "Canasta".
# Se versionan solo para documentar la revision (docs/revision_TP.md); el proyecto no las usa para calcular.
periodo,ipc_tp,iijp_tp,celdas,tabla
2017-01,0.012,0.018,G5:H5,F:H (2017-2023)
2017-02,0.021,0.023,G6:H6,F:H (2017-2023)
2017-03,0.024,0.024,G7:H7,F:H (2017-2023)
2017-04,0.027,0.028,G8:H8,F:H (2017-2023)
2017-05,0.014,0.014,G9:H9,F:H (2017-2023)
2017-06,0.012,0.0125,G10:H10,F:H (2017-2023)
2017-07,0.017,0.0187,G11:H11,F:H (2017-2023)
2017-08,0.014,0.0156,G12:H12,F:H (2017-2023)
2017-09,0.019,0.0183,G13:H13,F:H (2017-2023)
2017-10,0.015,0.0153,G14:H14,F:H (2017-2023)
2017-11,0.014,0.0137,G15:H15,F:H (2017-2023)
2017-12,0.031,0.0381,G16:H16,F:H (2017-2023)
2018-01,0.018,0.0184,G18:H18,F:H (2017-2023)
2018-02,0.024,0.0277,G19:H19,F:H (2017-2023)
2018-03,0.023,0.0216,G20:H20,F:H (2017-2023)
2018-04,0.021,0.0281,G21:H21,F:H (2017-2023)
2018-05,0.021,0.0212,G22:H22,F:H (2017-2023)
2018-06,0.037,0.0384,G23:H23,F:H (2017-2023)
2018-07,0.031,0.0319,G24:H24,F:H (2017-2023)
2018-08,0.039,0.0433,G25:H25,F:H (2017-2023)
2018-09,0.065,0.064,G26:H26,F:H (2017-2023)
2018-10,0.054,0.0553,G27:H27,F:H (2017-2023)
2018-11,0.032,0.0327,G28:H28,F:H (2017-2023)
2018-12,0.026,0.0283,G29:H29,F:H (2017-2023)
2019-01,0.029,0.0315,G31:H31,F:H (2017-2023)
2019-02,0.038,0.038,G32:H32,F:H (2017-2023)
2019-03,0.047,0.0442,G33:H33,F:H (2017-2023)
2019-04,0.034,0.0341,G34:H34,F:H (2017-2023)
2019-05,0.031,0.0315,G35:H35,F:H (2017-2023)
2019-06,0.027,0.0291,G36:H36,F:H (2017-2023)
2019-07,0.022,0.0228,G37:H37,F:H (2017-2023)
2019-08,0.04,0.0394,G38:H38,F:H (2017-2023)
2019-09,0.059,0.0588,G39:H39,F:H (2017-2023)
2019-10,0.033,0.0323,G40:H40,F:H (2017-2023)
2019-11,0.043,0.0427,G41:H41,F:H (2017-2023)
2019-12,0.037,0.039,G42:H42,F:H (2017-2023)
2020-01,0.023,0.0205,G44:H44,F:H (2017-2023)
2020-02,0.02,0.0188,G45:H45,F:H (2017-2023)
2020-03,0.033,0.0319,G46:H46,F:H (2017-2023)
2020-04,0.015,0.0131,G47:H47,F:H (2017-2023)
2020-05,0.015,0.0139,G48:H48,F:H (2017-2023)
2020-06,0.022,0.0201,G49:H49,F:H (2017-2023)
2020-07,0.019,0.0188,G50:H50,F:H (2017-2023)
2020-08,0.027,0.027,G51:H51,F:H (2017-2023)
2020-09,0.028,0.0267,G52:H52,F:H (2017-2023)
2020-10,0.038,0.0351,G53:H53,F:H (2017-2023)
2020-11,0.032,0.0303,G54:H54,F:H (2017-2023)
2020-12,0.04,0.0383,G55:H55,F:H (2017-2023)
2021-01,0.04,0.0422,G57:H57,F:H (2017-2023)
2021-02,0.036,0.0344,G58:H58,F:H (2017-2023)
2021-03,0.0422,0.048,G59:H59,F:H (2017-2023)
2021-04,0.041,0.0388,G60:H60,F:H (2017-2023)
2021-05,0.033,0.0327,G61:H61,F:H (2017-2023)
2021-06,0.032,0.0322,G62:H62,F:H (2017-2023)
2021-07,0.03,0.0295,G63:H63,F:H (2017-2023)
2021-08,0.025,0.0232,G64:H64,F:H (2017-2023)
2021-09,0.035,0.0329,G65:H65,F:H (2017-2023)
2021-10,0.035,0.0334,G66:H66,F:H (2017-2023)
2021-11,0.025,0.0231,G67:H67,F:H (2017-2023)
2021-12,0.038,0.0349,G68:H68,F:H (2017-2023)
2022-01,0.039,0.0389,G70:H70,F:H (2017-2023)
2022-02,0.047,0.045,G71:H71,F:H (2017-2023)
2022-03,0.067,0.0633,G72:H72,F:H (2017-2023)
2022-04,0.06,0.0569,G73:H73,F:H (2017-2023)
2022-05,0.051,0.0492,G74:H74,F:H (2017-2023)
2022-06,0.053,0.0524,G75:H75,F:H (2017-2023)
2022-07,0.074,0.0709,G76:H76,F:H (2017-2023)
2022-08,0.07,0.0662,G77:H77,F:H (2017-2023)
2022-09,0.062,0.0556,G78:H78,F:H (2017-2023)
2022-10,0.063,0.0654,G79:H79,F:H (2017-2023)
2022-11,0.049,0.0525,G80:H80,F:H (2017-2023)
2022-12,0.051,0.0506,G81:H81,F:H (2017-2023)
2023-01,0.06,0.0646,G83:H83,F:H (2017-2023)
2023-02,0.066,0.0657,G84:H84,F:H (2017-2023)
2023-03,0.077,0.0705,G85:H85,F:H (2017-2023)
2023-04,0.084,0.0785,G86:H86,F:H (2017-2023)
2023-05,0.078,0.081,G87:H87,F:H (2017-2023)
2023-06,0.06,0.0649,G88:H88,F:H (2017-2023)
2023-07,0.063,0.0666,G89:H89,F:H (2017-2023)
2023-08,0.124,0.1204,G90:H90,F:H (2017-2023)
2023-09,0.127,0.1203,G91:H91,F:H (2017-2023)
2023-10,0.083,0.082,G92:H92,F:H (2017-2023)
2023-11,0.128,0.126,G93:H93,F:H (2017-2023)
2023-12,0.255,0.2521,G94:H94,F:H (2017-2023)
2024-01,0.206,0.212,P6:Q6,O:Q (dic-2023 a may-2026)
2024-02,0.132,0.11972005699999999,P7:Q7,O:Q (dic-2023 a may-2026)
2024-03,0.11,0.115878715,P8:Q8,O:Q (dic-2023 a may-2026)
2024-04,0.088,0.11272341399999998,P9:Q9,O:Q (dic-2023 a may-2026)
2024-05,0.042,0.04022391200000001,P10:Q10,O:Q (dic-2023 a may-2026)
2024-06,0.046,0.05305461199999999,P11:Q11,O:Q (dic-2023 a may-2026)
2024-07,0.04,0.042043461,P12:Q12,O:Q (dic-2023 a may-2026)
2024-08,0.042,0.04391575799999999,P13:Q13,O:Q (dic-2023 a may-2026)
2024-09,0.035,0.036199968,P14:Q14,O:Q (dic-2023 a may-2026)
2024-10,0.027,0.027836801,P15:Q15,O:Q (dic-2023 a may-2026)
2024-11,0.024,0.025299435999999998,P16:Q16,O:Q (dic-2023 a may-2026)
2024-12,0.027,0.028303177000000002,P17:Q17,O:Q (dic-2023 a may-2026)
2025-01,0.022,0.0225,P19:Q19,O:Q (dic-2023 a may-2026)
2025-02,0.024,0.0249,P20:Q20,O:Q (dic-2023 a may-2026)
2025-03,0.037,0.0342,P21:Q21,O:Q (dic-2023 a may-2026)
2025-04,0.028,0.026,P22:Q22,O:Q (dic-2023 a may-2026)
2025-05,0.015,0.016,P23:Q23,O:Q (dic-2023 a may-2026)
2025-06,0.016,0.0176,P24:Q24,O:Q (dic-2023 a may-2026)
2025-07,0.019,0.0198,P25:Q25,O:Q (dic-2023 a may-2026)
2025-08,0.019,0.0192,P26:Q26,O:Q (dic-2023 a may-2026)
2025-09,0.021,0.0222,P27:Q27,O:Q (dic-2023 a may-2026)
2025-10,0.023,0.0233,P28:Q28,O:Q (dic-2023 a may-2026)
2025-11,0.025,0.0253,P29:Q29,O:Q (dic-2023 a may-2026)
2025-12,0.028,0.0288,P30:Q30,O:Q (dic-2023 a may-2026)
2026-01,0.029,0.0281,P32:Q32,O:Q (dic-2023 a may-2026)
2026-02,0.029,0.0307,P33:Q33,O:Q (dic-2023 a may-2026)
2026-03,0.034,0.0329,P34:Q34,O:Q (dic-2023 a may-2026)
2026-04,0.026,0.0267,P35:Q35,O:Q (dic-2023 a may-2026)
2026-05,0.021,0.022769832,P36:Q36,O:Q (dic-2023 a may-2026)
